{
  "oocana-log-panel": {
    "viewMode": "events",
    "sessionViewMode": "current"
  },
  "sharedBlockExplorerInit": false,
  "designer/flow/subtitle": {
    "viewport": {
      "x": 307.04143936434116,
      "y": 91.2256873944396,
      "zoom": 0.4760599941123396
    }
  },
  "designer/flow/test": {
    "viewport": {
      "x": 2776.6294828570644,
      "y": -295.59572927214344,
      "zoom": 0.7088292557534542
    }
  }
}