{
  "oocana-log-panel": {
    "viewMode": "events",
    "sessionViewMode": "current"
  },
  "sharedBlockExplorerInit": false,
  "designer/flow/subtitle": {
    "viewport": {
      "x": -575.4110753558149,
      "y": 18.185333837647477,
      "zoom": 0.394902963818954
    }
  },
  "defaultSharedBlockTemplate": "typescript",
  "designer/flow/text": {
    "viewport": {
      "x": 16.278498922776407,
      "y": -478.3379749904709,
      "zoom": 0.9850635557674056
    }
  }
}